"","Df","Sum Sq","Mean Sq","F value","Pr(>F)"
"f1",1,6.65910340741618,6.65910340741618,36.4916888850415,2.68843672857607e-09
"f2",1,0.219862691193796,0.219862691193796,1.20484101741634,0.272795828715099
"f3",1,0.390468494988941,0.390468494988941,2.13975575490809,0.144047479133839
"f4",1,0.358100932760648,0.358100932760648,1.96238247527308,0.161774851824903
"f5",1,0.312259022518013,0.312259022518013,1.71117016873235,0.191333702619915
"f6",1,0.234902801214482,0.234902801214482,1.28726037361082,0.257005753836696
"Residuals",601,109.672127274374,0.182482740889141,NA,NA
